id,email_opens,email_clicks,email_bounces,email_unsubscribes,email_campaigns_received,email_campaigns_engaged,website_product_views,website_add_to_cart,website_cart_abandons,website_purchases,products_browsed,products_purchased,total_order_value,favorite_category,engagement_score,last_engagement_date,data_source,sms_sends,sms_opens,sms_clicks,sms_optouts,sms_open_rate,whatsapp_sends,whatsapp_reads,whatsapp_replies,whatsapp_optouts,whatsapp_read_rate,push_sends,push_opens,push_clicks,push_open_rate,total_message_sends,total_message_interactions,preferred_channel,omnichannel_score,FirstName,LastName,Name,Phone,Phone_Display,Email,Country,CountryCode,PhoneType,IsPrimaryPhone,DeviceId,MessagingPlatform,DeviceType,AppVersion,IsActiveDevice
0PKKX000000Tfjv4AC,18,15,1,0,9,"Personalized Recommendations, Cart Abandonment Reminder, Customer Survey, Welcome Email, Flash Sale Alert, Weekly Newsletter, Seasonal Promotion, Product Launch Announcement",28,13,2,9,"Desk Lamp, Fitness Tracker, Water Bottle, Travel Mug, Laptop Stand, Wireless Headphones, Wireless Mouse, Bluetooth Speaker","Wireless Headphones, Bluetooth Speaker, Travel Mug, Fitness Tracker, Desk Lamp, Wireless Mouse, Laptop Stand, Water Bottle",492.92,Electronics,6,2025-10-05T11:46:35.888220,synthetic_omnichannel,24,20,13,0,83.3,18,15,11,0,83.3,15,22,11,146.7,57,92,Email,6.88,Biswarup,Banerjee,Biswarup Banerjee,+919154321430,+91 91543 21430,bbanerjee@salesforce.com,Singapore,SG,Home,true,DEV_69735,WhatsApp,Android,2.23.1,true
0PKKX000000Tfia4AC,20,10,0,0,7,"Welcome Email, Product Launch Announcement, Weekly Newsletter, Seasonal Promotion, Flash Sale Alert, Customer Survey, Cart Abandonment Reminder",50,14,5,7,"Water Bottle, Fitness Tracker, Laptop Stand, Desk Lamp, Travel Mug, Bluetooth Speaker","Water Bottle, Desk Lamp, Travel Mug, Laptop Stand, Bluetooth Speaker, Fitness Tracker",382.94,Sports,6,2025-10-03T11:46:35.888386,synthetic_omnichannel,24,22,15,0,91.7,18,14,11,0,77.8,21,16,13,76.2,63,91,Website,6.73,Ashish,Desai,Ashish Desai,+917730660694,+91 77306 60694,ashish.desai@company.com,India,IN,Mobile,true,DEV_71672,Signal,Web,3.0.0,true
0PKKX000000TfiZ4AS,20,16,1,0,6,"Customer Survey, Personalized Recommendations, Flash Sale Alert, Cart Abandonment Reminder, Product Launch Announcement, Welcome Email",50,8,4,8,"Smart Watch, Wireless Mouse, Notebook Set","Smart Watch, Notebook Set, Wireless Mouse",295.97,Electronics,6,2025-10-26T11:46:35.888343,synthetic_omnichannel,18,16,6,0,88.9,15,13,12,0,86.7,28,18,11,64.3,61,76,Email,6.65,Deepika,Chauhan,Deepika Chauhan,+917900406719,+91 79004 06719,deepika.chauhan@hotmail.com,United States,US,Mobile,true,DEV_13524,WeChat,iOS,2.24.1,true
0PKKX000000TfiT4AS,22,17,0,0,7,"Flash Sale Alert, Product Launch Announcement, Customer Survey, Personalized Recommendations, Cart Abandonment Reminder, Seasonal Promotion, Weekly Newsletter",23,14,5,8,"Backpack, Smart Watch, Notebook Set, Laptop Stand, Travel Mug","Laptop Stand, Backpack, Travel Mug, Smart Watch, Notebook Set",388.95,Office,6,2025-10-04T11:46:35.888196,synthetic_omnichannel,13,22,5,0,169.2,16,18,11,0,112.5,25,18,9,72.0,54,83,Email,6.51,Rajesh,Rao,Rajesh Rao,+919886217756,+91 98862 17756,rajesh.rao@enterprise.com,Australia,AU,Work,true,DEV_15174,WeChat,Android,2.23.1,true
0PKKX000000Tfif4AC,22,16,1,0,8,"Flash Sale Alert, Personalized Recommendations, Cart Abandonment Reminder, Customer Survey, Welcome Email, Weekly Newsletter, Product Launch Announcement, Seasonal Promotion",45,9,4,9,"Backpack, Yoga Mat, Running Shoes, Notebook Set, Wireless Mouse, Fitness Tracker","Notebook Set, Backpack, Yoga Mat, Wireless Mouse, Fitness Tracker, Running Shoes",420.94,Sports,6,2025-10-14T11:46:35.888565,synthetic_omnichannel,25,10,11,0,40.0,10,17,7,0,170.0,27,11,14,40.7,62,70,Email,6.5,Archana,Tripathi,Archana Tripathi,+918167575960,+91 81675 75960,archana.tripathi@yahoo.com,United Kingdom,GB,Work,false,DEV_71766,Telegram,Android,2.23.1,true
0PKKX000000TfiL4AS,30,11,0,0,13,"Welcome Email, Weekly Newsletter, Flash Sale Alert, Personalized Recommendations, Seasonal Promotion, Product Launch Announcement, Cart Abandonment Reminder, Customer Survey",34,10,4,7,"Fitness Tracker, Notebook Set, Phone Case, Laptop Stand, Running Shoes, Wireless Mouse, Wireless Headphones, Bluetooth Speaker, Smart Watch","Running Shoes, Smart Watch, Phone Case, Notebook Set, Wireless Headphones, Bluetooth Speaker, Fitness Tracker",745.93,Electronics,6,2025-10-28T11:46:35.888470,synthetic_omnichannel,23,18,10,0,78.3,15,12,11,0,80.0,28,18,11,64.3,66,80,Email,6.43,Jyoti,Uppal,Jyoti Uppal,+919583788564,+91 95837 88564,jyoti.uppal@company.com,Australia,AU,Mobile,true,DEV_24876,Telegram,Android,2.23.2,true
0PKKX000000Tfij4AC,28,14,0,0,14,"Weekly Newsletter, Welcome Email, Cart Abandonment Reminder, Seasonal Promotion, Personalized Recommendations, Product Launch Announcement, Customer Survey, Flash Sale Alert",25,5,4,8,"Smart Watch, Travel Mug, Desk Lamp, Wireless Headphones, Coffee Maker, Phone Case, Running Shoes, Water Bottle, Wireless Mouse","Travel Mug, Smart Watch, Water Bottle, Wireless Headphones, Desk Lamp, Coffee Maker, Phone Case, Wireless Mouse",562.92,Electronics,6,2025-10-17T11:46:35.888658,synthetic_omnichannel,22,17,8,0,77.3,14,10,12,0,71.4,17,18,6,105.9,53,71,Email,6.28,Radha,Mishra,Radha Mishra,+916418683472,+91 64186 83472,radha.mishra@hotmail.com,United States,US,Mobile,true,DEV_16610,Signal,iOS,2.24.0,false
0PKKX000000Tfic4AC,21,10,1,0,11,"Customer Survey, Welcome Email, Cart Abandonment Reminder, Flash Sale Alert, Personalized Recommendations, Seasonal Promotion, Weekly Newsletter, Product Launch Announcement",46,15,3,7,"Running Shoes, Wireless Mouse, Travel Mug, Coffee Maker, Phone Case, Desk Lamp, Backpack","Desk Lamp, Running Shoes, Coffee Maker, Wireless Mouse, Phone Case, Travel Mug, Backpack",397.93,Home,6,2025-10-08T11:46:35.888448,synthetic_omnichannel,21,21,15,0,100.0,15,9,10,0,60.0,25,14,8,56.0,61,77,Website,6.17,Megha,Pandey,Megha Pandey,+919394940744,+91 93949 40744,megha.pandey@hotmail.com,Canada,CA,Home,true,DEV_79953,WhatsApp,Web,2.24.0,true
0PKKX000000Tfii4AC,28,20,0,0,6,"Cart Abandonment Reminder, Personalized Recommendations, Seasonal Promotion, Flash Sale Alert, Product Launch Announcement, Weekly Newsletter",46,10,4,5,"Desk Lamp, Notebook Set, Wireless Headphones, Laptop Stand, Backpack, Bluetooth Speaker, Fitness Tracker, Smart Watch, Yoga Mat, Water Bottle","Backpack, Desk Lamp, Fitness Tracker, Wireless Headphones, Water Bottle",359.95,Electronics,6,2025-10-13T11:46:35.888636,synthetic_omnichannel,21,22,6,0,104.8,19,9,5,0,47.4,16,20,10,125.0,56,72,Email,6.05,Varun,Mehta,Varun Mehta,+918608461286,+91 86084 61286,varun.mehta@yahoo.com,Australia,AU,Mobile,true,DEV_41446,Signal,Android,2.24.1,true
0PKKX000000TfiU4AS,17,14,0,0,10,"Customer Survey, Cart Abandonment Reminder, Seasonal Promotion, Welcome Email, Product Launch Announcement, Flash Sale Alert, Personalized Recommendations, Weekly Newsletter",31,7,5,5,"Backpack, Wireless Mouse, Running Shoes, Phone Case, Wireless Headphones, Smart Watch, Fitness Tracker, Bluetooth Speaker","Smart Watch, Bluetooth Speaker, Wireless Headphones, Backpack, Running Shoes",619.95,Electronics,5,2025-10-07T11:46:35.888241,synthetic_omnichannel,25,13,13,0,52.0,8,17,8,0,212.5,16,18,14,112.5,49,83,Email,5.91,Sarika,Ahluwalia,Sarika Ahluwalia,+916690366042,+91 66903 66042,sarika.ahluwalia@yahoo.com,United States,US,Work,true,DEV_25872,WhatsApp,Android,2.24.1,true
0PKKX000000TfiY4AS,29,19,0,0,9,"Product Launch Announcement, Weekly Newsletter, Seasonal Promotion, Welcome Email, Customer Survey, Personalized Recommendations, Flash Sale Alert, Cart Abandonment Reminder",24,8,4,3,"Coffee Maker, Travel Mug, Bluetooth Speaker","Coffee Maker, Travel Mug, Bluetooth Speaker",212.97,Home,5,2025-10-16T11:46:35.888326,synthetic_omnichannel,17,15,10,0,88.2,14,10,8,0,71.4,25,15,13,60.0,56,71,Email,5.84,Rohan,Chopra,Rohan Chopra,+916431114545,+91 64311 14545,rohan.chopra@company.com,Singapore,SG,Mobile,true,DEV_95017,WhatsApp,Android,2.23.1,true
0PKKX000000Tfid4AC,16,18,0,0,6,"Weekly Newsletter, Customer Survey, Welcome Email, Seasonal Promotion, Product Launch Announcement, Cart Abandonment Reminder",36,15,2,8,"Phone Case, Travel Mug, Smart Watch, Yoga Mat, Notebook Set, Wireless Headphones","Notebook Set, Smart Watch, Phone Case, Yoga Mat, Wireless Headphones, Travel Mug",423.94,Electronics,5,2025-10-16T11:46:35.888491,synthetic_omnichannel,19,21,9,0,110.5,13,7,6,0,53.8,17,10,11,58.8,49,64,Email,5.79,Naveen,Menon,Naveen Menon,+919422905391,+91 94229 05391,naveen.menon@tech.in,United States,US,Mobile,true,DEV_74305,WeChat,Web,2.24.1,true
0PKKX000000Tfih4AC,16,15,0,0,6,"Welcome Email, Seasonal Promotion, Personalized Recommendations, Flash Sale Alert, Cart Abandonment Reminder, Customer Survey",27,14,5,7,"Phone Case, Fitness Tracker, Wireless Headphones, Bluetooth Speaker, Wireless Mouse, Notebook Set, Desk Lamp, Running Shoes, Smart Watch","Fitness Tracker, Running Shoes, Phone Case, Smart Watch, Bluetooth Speaker, Wireless Mouse, Notebook Set",695.93,Electronics,5,2025-10-15T11:46:35.888615,synthetic_omnichannel,19,10,7,0,52.6,12,8,11,0,66.7,29,17,15,58.6,60,68,Email,5.77,Komal,Chawla,Komal Chawla,+917870920107,+91 78709 20107,komal.chawla@yahoo.com,Canada,CA,Mobile,true,DEV_62581,WeChat,iOS,3.0.0,false
0PKKX000000Tfie4AC,25,20,0,0,8,"Product Launch Announcement, Seasonal Promotion, Welcome Email, Customer Survey, Personalized Recommendations, Cart Abandonment Reminder, Flash Sale Alert, Weekly Newsletter",40,6,1,4,"Notebook Set, Running Shoes, Phone Case, Yoga Mat, Fitness Tracker, Backpack, Wireless Headphones, Desk Lamp, Smart Watch, Water Bottle","Backpack, Desk Lamp, Yoga Mat, Notebook Set",155.96,Sports,5,2025-10-07T11:46:35.888537,synthetic_omnichannel,13,21,11,0,161.5,16,8,4,0,50.0,15,21,5,140.0,44,70,Email,5.67,Kiran,Chopra,Kiran Chopra,+918189548539,+91 81895 48539,kiran.chopra@yahoo.com,United States,US,Mobile,false,DEV_12556,Telegram,iOS,2.23.2,true
0PKKX000000Tfib4AC,29,14,1,0,7,"Customer Survey, Product Launch Announcement, Welcome Email, Cart Abandonment Reminder, Personalized Recommendations, Flash Sale Alert, Weekly Newsletter",39,6,2,3,"Coffee Maker, Smart Watch, Notebook Set, Water Bottle, Bluetooth Speaker, Laptop Stand, Travel Mug, Desk Lamp","Bluetooth Speaker, Coffee Maker, Laptop Stand",229.97,Home,5,2025-10-05T11:46:35.888424,synthetic_omnichannel,22,11,9,0,50.0,10,7,11,0,70.0,18,22,6,122.2,50,66,Email,5.61,Swati,Patel,Swati Patel,+919572183598,+91 95721 83598,swati.patel@outlook.com,Australia,AU,Mobile,false,DEV_60558,WeChat,Web,3.0.0,true
0PKKX000000Tfig4AC,28,16,0,0,15,"Welcome Email, Customer Survey, Weekly Newsletter, Personalized Recommendations, Seasonal Promotion, Product Launch Announcement, Flash Sale Alert, Cart Abandonment Reminder",41,5,1,7,"Running Shoes, Smart Watch, Bluetooth Speaker, Water Bottle, Travel Mug, Wireless Headphones, Desk Lamp, Notebook Set, Fitness Tracker","Water Bottle, Travel Mug, Smart Watch, Bluetooth Speaker, Running Shoes, Desk Lamp, Fitness Tracker",722.93,Sports,5,2025-10-15T11:46:35.888592,synthetic_omnichannel,12,19,8,0,158.3,15,9,3,0,60.0,20,19,5,95.0,47,63,Email,5.59,Ananya,Bajaj,Ananya Bajaj,+916958587590,+91 69585 87590,ananya.bajaj@company.com,United States,US,Mobile,true,DEV_63002,Telegram,iOS,2.23.1,true
0PKKX000000TfiX4AS,24,15,0,0,10,"Cart Abandonment Reminder, Customer Survey, Welcome Email, Flash Sale Alert, Product Launch Announcement, Weekly Newsletter, Seasonal Promotion, Personalized Recommendations",26,10,2,5,"Desk Lamp, Fitness Tracker, Running Shoes","Fitness Tracker, Running Shoes, Desk Lamp",324.97,Sports,5,2025-10-15T11:46:35.888309,synthetic_omnichannel,20,13,8,0,65.0,18,11,7,0,61.1,30,19,14,63.3,68,72,Email,5.59,Pankaj,Tandon,Pankaj Tandon,+917863023731,+91 78630 23731,pankaj.tandon@company.com,United States,US,Work,true,DEV_75613,WeChat,Web,2.23.2,false
0PKKX000000TfiK4AS,26,16,1,0,14,"Personalized Recommendations, Customer Survey, Cart Abandonment Reminder, Flash Sale Alert, Product Launch Announcement, Welcome Email, Seasonal Promotion, Weekly Newsletter",36,5,3,3,"Phone Case, Wireless Headphones, Backpack, Running Shoes, Bluetooth Speaker","Backpack, Running Shoes, Phone Case",209.97,Electronics,5,2025-10-17T11:46:35.888166,synthetic_omnichannel,18,14,13,0,77.8,19,12,5,0,63.2,17,22,9,129.4,54,75,Email,5.58,Manoj,Roy,Manoj Roy,+918499899297,+91 84998 99297,manoj.roy@outlook.com,India,IN,Home,true,DEV_72040,WhatsApp,Web,2.23.1,false
0PKKX000000TfiW4AS,18,15,0,0,9,"Welcome Email, Weekly Newsletter, Product Launch Announcement, Cart Abandonment Reminder, Personalized Recommendations, Flash Sale Alert, Customer Survey, Seasonal Promotion",27,5,4,7,"Wireless Headphones, Smart Watch, Fitness Tracker, Backpack, Phone Case, Laptop Stand","Fitness Tracker, Smart Watch, Phone Case, Laptop Stand, Backpack, Wireless Headphones",599.94,Electronics,5,2025-10-08T11:46:35.888288,synthetic_omnichannel,13,10,5,0,76.9,18,7,8,0,38.9,26,21,11,80.8,57,62,Email,5.32,Divya,Tandon,Divya Tandon,+917250865146,+91 72508 65146,divya.tandon@yahoo.com,United Kingdom,GB,Mobile,true,DEV_89039,Telegram,Android,2.23.1,true
0PKKX000000TfiV4AS,18,13,1,0,12,"Customer Survey, Weekly Newsletter, Seasonal Promotion, Personalized Recommendations, Welcome Email, Flash Sale Alert, Product Launch Announcement, Cart Abandonment Reminder",42,7,5,5,"Wireless Headphones, Yoga Mat, Running Shoes, Phone Case, Smart Watch, Backpack, Laptop Stand","Smart Watch, Yoga Mat, Wireless Headphones, Backpack, Laptop Stand",464.95,Sports,5,2025-10-14T11:46:35.888267,synthetic_omnichannel,21,14,14,0,66.7,10,9,5,0,90.0,19,10,9,52.6,50,61,Email,5.17,Ravi,Mankar,Ravi Mankar,+916754873314,+91 67548 73314,ravi.mankar@company.com,United Kingdom,GB,Work,false,DEV_63019,WhatsApp,iOS,2.23.2,false
0PKKX000000Tfik4AC,14,8,0,0,9,"Personalized Recommendations, Cart Abandonment Reminder, Welcome Email, Seasonal Promotion, Weekly Newsletter, Product Launch Announcement, Customer Survey, Flash Sale Alert",9,2,3,4,"Backpack, Water Bottle, Smart Watch, Laptop Stand, Wireless Mouse","Laptop Stand, Water Bottle, Wireless Mouse, Smart Watch",344.96,Electronics,3,2025-10-10T11:46:35.888679,synthetic_omnichannel,7,12,6,0,171.4,6,9,3,0,150.0,14,4,3,28.6,27,37,Email,3.09,Kiran,Kher,Kiran Kher,+917751682876,+91 77516 82876,kiran.kher@enterprise.com,Canada,CA,Work,true,DEV_84539,WhatsApp,Android,3.0.0,true
0PKKX000000Tfj64AC,11,8,1,0,15,"Flash Sale Alert, Welcome Email, Customer Survey, Seasonal Promotion, Product Launch Announcement, Weekly Newsletter, Personalized Recommendations, Cart Abandonment Reminder",10,4,3,4,"Travel Mug, Bluetooth Speaker, Smart Watch, Phone Case, Backpack, Desk Lamp","Phone Case, Bluetooth Speaker, Smart Watch, Travel Mug",392.96,Electronics,3,2025-10-13T11:46:35.889140,synthetic_omnichannel,11,6,7,0,54.5,5,9,2,0,180.0,18,12,6,66.7,34,42,Email,3.08,Jatin,Chatterjee,Jatin Chatterjee,+919217658513,+91 92176 58513,jatin.chatterjee@company.com,Australia,AU,Work,true,DEV_32985,WeChat,Web,2.23.2,true
0PKKX000000TfjO4AS,11,5,1,0,11,"Flash Sale Alert, Personalized Recommendations, Welcome Email, Weekly Newsletter, Cart Abandonment Reminder, Customer Survey, Product Launch Announcement, Seasonal Promotion",13,2,1,4,"Fitness Tracker, Phone Case, Travel Mug, Backpack","Fitness Tracker, Backpack, Phone Case, Travel Mug",252.96,Accessories,3,2025-09-30T11:46:35.889511,synthetic_omnichannel,13,11,6,0,84.6,8,3,5,0,37.5,16,9,6,56.2,37,40,Website,3.04,Bhavna,Bose,Bhavna Bose,+918801241904,+91 88012 41904,bhavna.bose@enterprise.com,Australia,AU,Mobile,false,DEV_87486,Telegram,Android,2.23.2,false
0PKKX000000Tfio4AC,14,8,1,0,12,"Product Launch Announcement, Seasonal Promotion, Welcome Email, Cart Abandonment Reminder, Customer Survey, Flash Sale Alert, Weekly Newsletter, Personalized Recommendations",15,5,3,2,"Desk Lamp, Phone Case, Coffee Maker, Notebook Set, Running Shoes, Fitness Tracker, Bluetooth Speaker, Yoga Mat","Coffee Maker, Yoga Mat",124.98,Sports,2,2025-10-27T11:46:35.888774,synthetic_omnichannel,10,9,6,0,90.0,6,3,5,0,50.0,8,8,3,100.0,24,34,Email,2.91,Rajesh,Pandey,Rajesh Pandey,+916697022764,+91 66970 22764,rajesh.pandey@business.in,India,IN,Work,false,DEV_22991,WhatsApp,iOS,2.23.1,true
0PKKX000000TfjA4AS,12,5,1,0,11,"Flash Sale Alert, Welcome Email, Cart Abandonment Reminder, Weekly Newsletter, Personalized Recommendations, Seasonal Promotion, Customer Survey, Product Launch Announcement",11,7,3,4,"Wireless Mouse, Notebook Set, Phone Case","Wireless Mouse, Phone Case, Notebook Set",65.97,Electronics,2,2025-10-04T11:46:35.889233,synthetic_omnichannel,7,9,5,0,128.6,5,2,4,0,40.0,12,9,7,75.0,24,36,Email,2.85,Varsha,Dhawan,Varsha Dhawan,+916284140495,+91 62841 40495,varsha.dhawan@gmail.com,Canada,CA,Home,true,DEV_83531,Signal,Web,2.24.1,true
0PKKX000000Tfiy4AC,12,9,0,0,5,"Cart Abandonment Reminder, Flash Sale Alert, Product Launch Announcement, Welcome Email, Personalized Recommendations",19,7,2,4,"Travel Mug, Notebook Set, Phone Case, Yoga Mat, Fitness Tracker, Bluetooth Speaker, Backpack, Coffee Maker, Wireless Headphones","Phone Case, Coffee Maker, Notebook Set, Backpack",185.96,Accessories,2,2025-10-24T11:46:35.888985,synthetic_omnichannel,9,10,3,0,111.1,5,2,1,0,40.0,12,11,6,91.7,26,33,Email,2.84,Tanvi,Goswami,Tanvi Goswami,+917385294118,+91 73852 94118,tanvi.goswami@tech.in,United Kingdom,GB,Work,true,DEV_31912,Telegram,Android,3.0.0,true
0PKKX000000TfjL4AS,9,9,1,0,7,"Flash Sale Alert, Weekly Newsletter, Cart Abandonment Reminder, Customer Survey, Welcome Email, Seasonal Promotion, Personalized Recommendations",11,4,1,4,"Smart Watch, Running Shoes, Laptop Stand, Water Bottle, Wireless Mouse","Water Bottle, Laptop Stand, Wireless Mouse, Running Shoes",224.96,Sports,2,2025-10-04T11:46:35.889455,synthetic_omnichannel,14,5,7,0,35.7,7,3,3,0,42.9,14,12,2,85.7,35,32,Email,2.81,Priya,Ahmed,Priya Ahmed,+919686892168,+91 96868 92168,priya.ahmed@business.in,Singapore,SG,Work,true,DEV_23810,Telegram,Android,2.24.1,true
0PKKX000000Tfiq4AC,10,7,2,0,9,"Seasonal Promotion, Personalized Recommendations, Welcome Email, Product Launch Announcement, Weekly Newsletter, Customer Survey, Cart Abandonment Reminder, Flash Sale Alert",14,7,1,3,"Notebook Set, Backpack, Desk Lamp, Travel Mug, Running Shoes","Backpack, Running Shoes, Desk Lamp",234.97,Home,2,2025-10-21T11:46:35.888817,synthetic_omnichannel,14,11,4,0,78.6,10,6,2,0,60.0,8,14,5,175.0,32,42,Email,2.77,Manoj,Sharma,Manoj Sharma,+919969336536,+91 99693 36536,manoj.sharma@gmail.com,Canada,CA,Work,true,DEV_44029,WhatsApp,iOS,3.0.0,false
0PKKX000000Tfiv4AC,8,9,2,0,14,"Personalized Recommendations, Cart Abandonment Reminder, Product Launch Announcement, Flash Sale Alert, Weekly Newsletter, Seasonal Promotion, Welcome Email, Customer Survey",18,4,1,3,"Desk Lamp, Wireless Headphones, Notebook Set, Fitness Tracker, Yoga Mat, Running Shoes, Phone Case, Backpack","Fitness Tracker, Running Shoes, Wireless Headphones",359.97,Sports,2,2025-10-24T11:46:35.888909,synthetic_omnichannel,11,7,5,0,63.6,8,7,1,0,87.5,13,9,6,69.2,32,35,Email,2.71,Pooja,Pillai,Pooja Pillai,+919443865862,+91 94438 65862,pooja.pillai@company.com,United States,US,Work,true,DEV_97448,Telegram,iOS,2.23.2,false
0PKKX000000Tfj74AC,10,7,1,0,11,"Welcome Email, Product Launch Announcement, Flash Sale Alert, Seasonal Promotion, Weekly Newsletter, Cart Abandonment Reminder, Customer Survey, Personalized Recommendations",10,3,1,3,"Wireless Mouse, Smart Watch, Fitness Tracker, Laptop Stand","Fitness Tracker, Wireless Mouse, Laptop Stand",219.97,Electronics,2,2025-10-11T11:46:35.889175,synthetic_omnichannel,13,4,4,0,30.8,7,5,2,0,71.4,14,14,8,100.0,34,37,Email,2.62,Varsha,Naik,Varsha Naik,+917488201393,+91 74882 01393,varsha.naik@enterprise.com,Singapore,SG,Mobile,true,DEV_69945,WhatsApp,Web,2.23.2,true
0PKKX000000TfjB4AS,14,7,1,0,5,"Personalized Recommendations, Seasonal Promotion, Weekly Newsletter, Customer Survey, Product Launch Announcement",16,5,1,1,"Wireless Mouse, Laptop Stand, Bluetooth Speaker, Wireless Headphones",Wireless Mouse,29.99,Electronics,2,2025-10-02T11:46:35.889249,synthetic_omnichannel,6,7,6,0,116.7,4,2,5,0,50.0,15,7,3,46.7,25,30,Email,2.61,Manoj,Mehta,Manoj Mehta,+918599112718,+91 85991 12718,manoj.mehta@outlook.com,Singapore,SG,Home,true,DEV_10333,WhatsApp,iOS,2.24.0,true
0PKKX000000Tfim4AC,10,7,0,0,9,"Customer Survey, Product Launch Announcement, Cart Abandonment Reminder, Weekly Newsletter, Welcome Email, Flash Sale Alert, Seasonal Promotion, Personalized Recommendations",16,6,3,2,"Yoga Mat, Bluetooth Speaker, Smart Watch, Backpack, Water Bottle, Coffee Maker, Desk Lamp, Wireless Headphones","Smart Watch, Coffee Maker",339.98,Electronics,2,2025-10-16T11:46:35.888717,synthetic_omnichannel,6,7,7,0,116.7,8,6,3,0,75.0,8,7,3,87.5,22,33,Email,2.6,Ajit,Bhatia,Ajit Bhatia,+916402020782,+91 64020 20782,ajit.bhatia@tech.in,United Kingdom,GB,Home,true,DEV_77546,Telegram,Web,2.24.1,true
0PKKX000000Tfj24AC,12,7,1,0,10,"Seasonal Promotion, Flash Sale Alert, Customer Survey, Cart Abandonment Reminder, Product Launch Announcement, Personalized Recommendations, Weekly Newsletter, Welcome Email",9,3,2,4,"Running Shoes, Coffee Maker, Phone Case, Bluetooth Speaker, Fitness Tracker, Smart Watch, Travel Mug, Yoga Mat, Backpack, Notebook Set","Yoga Mat, Fitness Tracker, Smart Watch, Backpack",494.96,Sports,2,2025-10-14T11:46:35.889066,synthetic_omnichannel,11,6,6,0,54.5,6,2,2,0,33.3,9,12,2,133.3,26,30,Email,2.59,Mansi,Hegde,Mansi Hegde,+918068397277,+91 80683 97277,mansi.hegde@business.in,Canada,CA,Mobile,true,DEV_37537,WhatsApp,iOS,3.0.0,true
0PKKX000000Tfir4AC,12,8,0,0,6,"Seasonal Promotion, Customer Survey, Personalized Recommendations, Cart Abandonment Reminder, Flash Sale Alert, Weekly Newsletter",12,5,1,1,"Coffee Maker, Wireless Mouse, Notebook Set, Running Shoes",Running Shoes,129.99,Sports,2,2025-10-29T11:46:35.888833,synthetic_omnichannel,10,11,5,0,110.0,6,7,2,0,116.7,16,14,2,87.5,32,41,Email,2.58,Ajit,Dutta,Ajit Dutta,+916277460750,+91 62774 60750,ajit.dutta@enterprise.com,India,IN,Mobile,false,DEV_97696,WeChat,iOS,2.23.1,true
0PKKX000000TfjN4AS,13,5,1,0,13,"Product Launch Announcement, Flash Sale Alert, Personalized Recommendations, Customer Survey, Weekly Newsletter, Welcome Email, Seasonal Promotion, Cart Abandonment Reminder",15,5,2,4,"Coffee Maker, Fitness Tracker, Desk Lamp, Phone Case, Wireless Headphones, Wireless Mouse, Backpack","Phone Case, Wireless Headphones, Backpack, Coffee Maker",249.96,Electronics,2,2025-10-20T11:46:35.889493,synthetic_omnichannel,6,5,5,0,83.3,9,9,1,0,100.0,16,6,4,37.5,31,30,Email,2.58,Jatin,Singh,Jatin Singh,+916834153758,+91 68341 53758,jatin.singh@company.com,Singapore,SG,Home,false,DEV_93765,Signal,iOS,2.24.0,true
0PKKX000000Tfix4AC,10,7,2,0,7,"Flash Sale Alert, Product Launch Announcement, Weekly Newsletter, Welcome Email, Cart Abandonment Reminder, Customer Survey, Personalized Recommendations",16,3,2,3,"Backpack, Bluetooth Speaker, Notebook Set","Bluetooth Speaker, Backpack, Notebook Set",175.97,Electronics,2,2025-10-17T11:46:35.888965,synthetic_omnichannel,9,3,4,0,33.3,8,6,2,0,75.0,18,5,8,27.8,35,28,Email,2.53,Sneha,Pandey,Sneha Pandey,+916369826389,+91 63698 26389,sneha.pandey@company.com,Singapore,SG,Home,true,DEV_11449,WhatsApp,iOS,3.0.0,true
0PKKX000000TfjF4AS,9,5,0,0,12,"Customer Survey, Product Launch Announcement, Weekly Newsletter, Seasonal Promotion, Welcome Email, Flash Sale Alert, Personalized Recommendations, Cart Abandonment Reminder",11,2,2,4,"Wireless Headphones, Wireless Mouse, Desk Lamp, Coffee Maker, Running Shoes, Bluetooth Speaker, Backpack, Travel Mug, Notebook Set","Wireless Mouse, Bluetooth Speaker, Wireless Headphones, Running Shoes",339.96,Electronics,2,2025-10-21T11:46:35.889323,synthetic_omnichannel,8,7,5,0,87.5,7,6,1,0,85.7,12,5,7,41.7,27,31,Website,2.45,Dev,Inamdar,Dev Inamdar,+918067758359,+91 80677 58359,dev.inamdar@tech.in,Singapore,SG,Mobile,true,DEV_81436,WeChat,Web,3.0.0,false
0PKKX000000Tfiz4AC,14,5,0,0,7,"Product Launch Announcement, Flash Sale Alert, Welcome Email, Weekly Newsletter, Seasonal Promotion, Personalized Recommendations, Cart Abandonment Reminder",19,3,1,2,"Notebook Set, Wireless Mouse, Water Bottle, Fitness Tracker, Coffee Maker, Backpack, Yoga Mat, Running Shoes","Wireless Mouse, Notebook Set",45.98,Sports,2,2025-10-21T11:46:35.889005,synthetic_omnichannel,10,9,2,0,90.0,5,4,2,0,80.0,12,10,6,83.3,27,33,Email,2.44,Kunal,Ahmed,Kunal Ahmed,+919797109746,+91 97971 09746,kunal.ahmed@hotmail.com,Singapore,SG,Mobile,true,DEV_48286,Signal,Web,2.24.1,true
0PKKX000000Tfip4AC,9,8,0,0,8,"Customer Survey, Welcome Email, Cart Abandonment Reminder, Weekly Newsletter, Flash Sale Alert, Product Launch Announcement, Personalized Recommendations, Seasonal Promotion",13,7,1,3,"Running Shoes, Wireless Headphones, Wireless Mouse, Phone Case, Notebook Set, Smart Watch, Laptop Stand, Coffee Maker, Yoga Mat, Fitness Tracker","Running Shoes, Yoga Mat, Notebook Set",180.97,Electronics,2,2025-10-07T11:46:35.888796,synthetic_omnichannel,14,3,1,0,21.4,4,5,4,0,125.0,13,10,3,76.9,31,26,Email,2.43,Akash,Patel,Akash Patel,+917673727057,+91 76737 27057,akash.patel@tech.in,India,IN,Work,true,DEV_27853,Signal,Web,2.24.0,true
0PKKX000000Tfin4AC,12,5,1,0,5,"Seasonal Promotion, Welcome Email, Flash Sale Alert, Personalized Recommendations, Cart Abandonment Reminder",15,7,1,2,"Coffee Maker, Water Bottle, Wireless Headphones","Wireless Headphones, Water Bottle",104.98,Sports,2,2025-10-25T11:46:35.888752,synthetic_omnichannel,8,3,7,0,37.5,6,3,3,0,50.0,17,6,6,35.3,31,28,Email,2.41,Ankit,Khanna,Ankit Khanna,+917074276297,+91 70742 76297,ankit.khanna@tech.in,United States,US,Mobile,true,DEV_38985,Telegram,Web,2.24.0,false
0PKKX000000TfiQ4AS,13,7,2,0,15,"Customer Survey, Product Launch Announcement, Cart Abandonment Reminder, Welcome Email, Seasonal Promotion, Personalized Recommendations, Flash Sale Alert, Weekly Newsletter",18,3,1,4,"Desk Lamp, Water Bottle, Fitness Tracker","Desk Lamp, Fitness Tracker, Water Bottle",219.97,Sports,2,2025-10-11T11:46:35.889568,synthetic_omnichannel,8,4,1,1,50.0,7,6,1,0,85.7,17,9,4,52.9,32,25,Email,2.34,Ankita,Wadhwa,Ankita Wadhwa,+916793176787,+91 67931 76787,ankita.wadhwa@gmail.com,United Kingdom,GB,Work,true,DEV_56781,Signal,iOS,2.24.0,true
0PKKX000000TfiO4AS,7,6,0,1,7,"Cart Abandonment Reminder, Flash Sale Alert, Welcome Email, Customer Survey, Personalized Recommendations, Weekly Newsletter, Seasonal Promotion",14,6,2,4,"Desk Lamp, Bluetooth Speaker, Running Shoes, Fitness Tracker","Desk Lamp, Fitness Tracker, Running Shoes, Bluetooth Speaker",424.96,Sports,2,2025-10-15T11:46:35.889158,synthetic_omnichannel,10,4,6,1,40.0,10,3,2,0,30.0,10,12,3,120.0,30,30,Website,2.31,Preeti,Saxena,Preeti Saxena,+916307793233,+91 63077 93233,preeti.saxena@yahoo.com,United Kingdom,GB,Mobile,false,DEV_91068,WeChat,iOS,2.23.2,false
0PKKX000000Tfj44AC,12,4,1,0,6,"Personalized Recommendations, Cart Abandonment Reminder, Welcome Email, Flash Sale Alert, Product Launch Announcement, Customer Survey",13,7,2,4,"Laptop Stand, Wireless Mouse, Coffee Maker, Backpack, Notebook Set","Wireless Mouse, Laptop Stand, Backpack, Notebook Set",145.96,Office,2,2025-10-22T11:46:35.889102,synthetic_omnichannel,14,6,1,0,42.9,6,2,2,0,33.3,13,10,6,76.9,33,27,Website,2.29,Karan,Tandon,Karan Tandon,+919032016772,+91 90320 16772,karan.tandon@company.com,United Kingdom,GB,Home,true,DEV_39605,Signal,Android,2.23.1,true
0PKKX000000TfiN4AS,12,3,1,0,9,"Welcome Email, Weekly Newsletter, Personalized Recommendations, Seasonal Promotion, Flash Sale Alert, Customer Survey, Product Launch Announcement, Cart Abandonment Reminder",13,3,1,4,"Laptop Stand, Water Bottle, Wireless Headphones, Bluetooth Speaker, Backpack, Phone Case, Smart Watch, Coffee Maker","Water Bottle, Backpack, Phone Case, Wireless Headphones",184.96,Electronics,2,2025-10-06T11:46:35.888948,synthetic_omnichannel,13,6,4,0,46.2,7,4,2,0,57.1,8,5,4,62.5,28,25,Website,2.27,Tanvi,Kapoor,Tanvi Kapoor,+916650987738,+91 66509 87738,tanvi.kapoor@business.in,United States,US,Home,true,DEV_68445,WeChat,iOS,2.24.1,true
0PKKX000000Tfil4AC,13,6,0,1,13,"Cart Abandonment Reminder, Product Launch Announcement, Flash Sale Alert, Weekly Newsletter, Welcome Email, Personalized Recommendations, Seasonal Promotion, Customer Survey",15,5,1,3,"Phone Case, Travel Mug, Laptop Stand, Smart Watch, Water Bottle, Coffee Maker","Phone Case, Laptop Stand, Water Bottle",84.97,Home,2,2025-10-14T11:46:35.888698,synthetic_omnichannel,10,3,1,0,30.0,10,4,1,0,40.0,18,12,5,66.7,38,26,Email,2.24,Ritika,Verma,Ritika Verma,+917421882465,+91 74218 82465,ritika.verma@outlook.com,Singapore,SG,Mobile,true,DEV_48825,Signal,Web,2.23.1,true
0PKKX000000Tfiu4AC,10,6,1,0,14,"Cart Abandonment Reminder, Product Launch Announcement, Weekly Newsletter, Customer Survey, Seasonal Promotion, Personalized Recommendations, Welcome Email, Flash Sale Alert",18,7,1,2,"Smart Watch, Yoga Mat, Bluetooth Speaker, Desk Lamp, Phone Case, Running Shoes, Notebook Set","Phone Case, Yoga Mat",54.98,Electronics,2,2025-10-26T11:46:35.888890,synthetic_omnichannel,12,3,5,0,25.0,5,3,1,0,60.0,8,12,5,150.0,25,29,Email,2.23,Ajit,Roy,Ajit Roy,+919865172515,+91 98651 72515,ajit.roy@business.in,United Kingdom,GB,Home,true,DEV_83414,WhatsApp,Web,2.24.0,true
0PKKX000000TfiP4AS,7,9,1,1,14,"Product Launch Announcement, Flash Sale Alert, Welcome Email, Customer Survey, Seasonal Promotion, Weekly Newsletter, Cart Abandonment Reminder, Personalized Recommendations",18,5,3,2,"Phone Case, Smart Watch, Desk Lamp, Wireless Headphones, Water Bottle","Desk Lamp, Phone Case",64.98,Electronics,1,2025-10-19T11:46:35.889365,synthetic_omnichannel,2,2,2,0,100.0,3,0,2,0,0.0,7,3,3,42.9,12,12,Email,1.88,Payal,Thakur,Payal Thakur,+919418038326,+91 94180 38326,payal.thakur@yahoo.com,India,IN,Mobile,false,DEV_29192,WeChat,Web,2.24.0,true
0PKKX000000TfjP4AS,10,7,1,0,8,"Customer Survey, Personalized Recommendations, Welcome Email, Seasonal Promotion, Product Launch Announcement, Flash Sale Alert, Cart Abandonment Reminder, Weekly Newsletter",14,3,3,2,"Desk Lamp, Bluetooth Speaker, Phone Case, Water Bottle, Notebook Set, Wireless Mouse, Running Shoes, Laptop Stand, Wireless Headphones","Wireless Mouse, Wireless Headphones",109.98,Electronics,1,2025-10-01T11:46:35.889531,synthetic_omnichannel,1,1,2,0,100.0,4,2,1,1,50.0,2,6,1,300.0,7,13,Email,1.71,Manoj,Goswami,Manoj Goswami,+918678303386,+91 86783 03386,manoj.goswami@company.com,Singapore,SG,Home,true,DEV_62225,Telegram,iOS,2.24.1,true
0PKKX000000TfjD4AS,10,2,2,0,11,"Personalized Recommendations, Cart Abandonment Reminder, Weekly Newsletter, Product Launch Announcement, Customer Survey, Seasonal Promotion, Flash Sale Alert, Welcome Email",16,4,2,3,"Bluetooth Speaker, Backpack, Fitness Tracker, Desk Lamp, Phone Case, Coffee Maker, Wireless Mouse","Wireless Mouse, Fitness Tracker, Phone Case",199.97,Electronics,1,2025-10-15T11:46:35.889285,synthetic_omnichannel,1,4,1,0,400.0,2,1,2,0,50.0,2,6,0,300.0,5,14,Website,1.59,Priya,Hegde,Priya Hegde,+917901454864,+91 79014 54864,priya.hegde@tech.in,United States,US,Home,true,DEV_75037,Telegram,Android,2.23.1,true
0PKKX000000TfjQ4AS,10,8,0,0,9,"Product Launch Announcement, Cart Abandonment Reminder, Welcome Email, Personalized Recommendations, Flash Sale Alert, Customer Survey, Seasonal Promotion, Weekly Newsletter",9,2,3,1,"Backpack, Yoga Mat, Coffee Maker, Wireless Headphones, Smart Watch, Desk Lamp",Yoga Mat,34.99,Electronics,1,2025-10-07T11:46:35.889550,synthetic_omnichannel,2,0,1,0,0.0,4,1,2,0,25.0,8,6,1,75.0,14,11,Email,1.57,Akash,Yadav,Akash Yadav,+918970056793,+91 89700 56793,akash.yadav@business.in,United Kingdom,GB,Work,true,DEV_19455,WhatsApp,Web,2.23.1,true
0PKKX000000TfjE4AS,13,5,2,0,7,"Cart Abandonment Reminder, Welcome Email, Customer Survey, Personalized Recommendations, Product Launch Announcement, Flash Sale Alert, Weekly Newsletter",17,7,3,1,"Wireless Headphones, Running Shoes, Wireless Mouse",Running Shoes,129.99,Electronics,1,2025-10-05T11:46:35.889302,synthetic_omnichannel,1,0,1,0,0.0,0,3,2,0,0,5,0,2,0.0,6,8,Email,1.56,Harsh,Kulkarni,Harsh Kulkarni,+916187914392,+91 61879 14392,harsh.kulkarni@hotmail.com,Canada,CA,Work,true,DEV_26280,Telegram,iOS,3.0.0,false
0PKKX000000TfjG4AS,8,3,2,0,12,"Flash Sale Alert, Welcome Email, Customer Survey, Product Launch Announcement, Weekly Newsletter, Seasonal Promotion, Personalized Recommendations, Cart Abandonment Reminder",8,6,1,4,"Running Shoes, Backpack, Water Bottle, Wireless Headphones, Travel Mug, Desk Lamp, Notebook Set, Wireless Mouse, Yoga Mat","Desk Lamp, Backpack, Yoga Mat, Travel Mug",162.96,Sports,1,2025-10-08T11:46:35.889345,synthetic_omnichannel,1,3,2,0,300.0,5,0,2,0,0.0,7,0,0,0.0,13,7,Website,1.49,Aarti,Krishnan,Aarti Krishnan,+919069508577,+91 90695 08577,aarti.krishnan@business.in,United States,US,Mobile,true,DEV_43012,WhatsApp,Web,2.23.2,true
0PKKX000000TfjJ4AS,10,5,2,0,5,"Seasonal Promotion, Flash Sale Alert, Weekly Newsletter, Cart Abandonment Reminder, Personalized Recommendations",13,6,1,1,"Laptop Stand, Running Shoes, Coffee Maker, Travel Mug, Yoga Mat, Bluetooth Speaker, Phone Case",Phone Case,19.99,Home,1,2025-10-05T11:46:35.889419,synthetic_omnichannel,6,3,1,0,50.0,3,1,2,1,33.3,2,6,0,300.0,11,13,Email,1.46,Nikita,Iyer,Nikita Iyer,+917059558113,+91 70595 58113,nikita.iyer@business.in,United States,US,Home,false,DEV_47119,WhatsApp,Android,2.24.1,false
0PKKX000000Tfit4AC,5,8,1,0,6,"Seasonal Promotion, Welcome Email, Customer Survey, Weekly Newsletter, Flash Sale Alert, Personalized Recommendations",11,5,2,2,"Wireless Mouse, Desk Lamp, Coffee Maker","Desk Lamp, Wireless Mouse",74.98,Home,1,2025-10-12T11:46:35.888867,synthetic_omnichannel,4,2,2,1,50.0,5,3,1,0,60.0,10,3,1,30.0,19,12,Email,1.44,Pallavi,Chauhan,Pallavi Chauhan,+916969761329,+91 69697 61329,pallavi.chauhan@gmail.com,United Kingdom,GB,Home,true,DEV_49322,WhatsApp,Web,2.24.1,true
0PKKX000000TfiM4AS,10,3,1,0,14,"Customer Survey, Personalized Recommendations, Weekly Newsletter, Cart Abandonment Reminder, Product Launch Announcement, Welcome Email, Seasonal Promotion, Flash Sale Alert",16,6,2,3,"Yoga Mat, Smart Watch, Coffee Maker, Fitness Tracker, Wireless Mouse, Phone Case, Water Bottle","Water Bottle, Coffee Maker, Wireless Mouse",144.97,Sports,1,2025-10-08T11:46:35.888737,synthetic_omnichannel,1,3,1,0,300.0,5,1,0,0,20.0,9,2,1,22.2,15,8,Website,1.39,Rahul,Kulkarni,Rahul Kulkarni,+916377814521,+91 63778 14521,rahul.kulkarni@gmail.com,Canada,CA,Work,true,DEV_11726,WeChat,Web,3.0.0,true
0PKKX000000Tfj14AC,9,2,0,0,8,"Customer Survey, Weekly Newsletter, Welcome Email, Personalized Recommendations, Cart Abandonment Reminder, Flash Sale Alert, Seasonal Promotion, Product Launch Announcement",11,6,1,3,"Water Bottle, Bluetooth Speaker, Phone Case, Fitness Tracker, Travel Mug","Fitness Tracker, Water Bottle, Travel Mug",197.97,Sports,1,2025-10-24T11:46:35.889045,synthetic_omnichannel,3,0,2,1,0.0,3,3,1,0,100.0,9,5,3,55.6,15,14,Website,1.37,Manish,Hegde,Manish Hegde,+917654265627,+91 76542 65627,manish.hegde@business.in,United States,US,Mobile,true,DEV_36069,WhatsApp,Web,2.23.1,true
0PKKX000000Tfj54AC,5,9,1,0,13,"Cart Abandonment Reminder, Seasonal Promotion, Welcome Email, Product Launch Announcement, Flash Sale Alert, Customer Survey, Personalized Recommendations, Weekly Newsletter",10,6,1,1,"Phone Case, Notebook Set, Water Bottle, Wireless Headphones, Smart Watch, Yoga Mat, Laptop Stand",Notebook Set,15.99,Sports,1,2025-10-19T11:46:35.889121,synthetic_omnichannel,2,3,2,1,150.0,3,0,1,0,0.0,10,5,2,50.0,15,13,Email,1.37,Dinesh,Patil,Dinesh Patil,+917333840653,+91 73338 40653,dinesh.patil@yahoo.com,Australia,AU,Home,true,DEV_65930,WhatsApp,Android,2.24.1,false
0PKKX000000Tfj84AC,5,7,2,0,11,"Product Launch Announcement, Flash Sale Alert, Personalized Recommendations, Seasonal Promotion, Cart Abandonment Reminder, Welcome Email, Customer Survey, Weekly Newsletter",19,3,2,2,"Coffee Maker, Travel Mug, Running Shoes, Water Bottle, Desk Lamp, Wireless Mouse, Notebook Set, Wireless Headphones","Wireless Headphones, Water Bottle",104.98,Home,1,2025-10-04T11:46:35.889195,synthetic_omnichannel,3,1,0,0,33.3,0,1,1,0,0,9,2,0,22.2,12,5,Email,1.35,Radha,Dhawan,Radha Dhawan,+918532925196,+91 85329 25196,radha.dhawan@company.com,Australia,AU,Home,true,DEV_88247,WhatsApp,Web,2.23.2,true
0PKKX000000Tfj04AC,13,2,2,0,14,"Flash Sale Alert, Welcome Email, Seasonal Promotion, Product Launch Announcement, Cart Abandonment Reminder, Weekly Newsletter, Personalized Recommendations, Customer Survey",10,6,3,2,"Desk Lamp, Bluetooth Speaker, Phone Case, Backpack, Yoga Mat, Notebook Set, Fitness Tracker, Wireless Headphones, Laptop Stand, Water Bottle","Bluetooth Speaker, Notebook Set",115.98,Sports,1,2025-10-19T11:46:35.889026,synthetic_omnichannel,5,3,1,0,60.0,1,0,1,0,0.0,6,3,2,50.0,12,10,Email,1.34,Amit,Rao,Amit Rao,+919949067950,+91 99490 67950,amit.rao@gmail.com,United States,US,Home,false,DEV_23458,Telegram,Android,3.0.0,true
0PKKX000000TfjK4AS,6,4,2,1,12,"Seasonal Promotion, Cart Abandonment Reminder, Personalized Recommendations, Customer Survey, Flash Sale Alert, Product Launch Announcement, Welcome Email, Weekly Newsletter",10,2,1,2,"Fitness Tracker, Wireless Headphones, Bluetooth Speaker","Wireless Headphones, Fitness Tracker",229.98,Electronics,1,2025-10-04T11:46:35.889437,synthetic_omnichannel,5,3,1,0,60.0,0,0,2,1,0,3,0,2,0.0,8,8,Email,1.28,Rekha,Shah,Rekha Shah,+919899102298,+91 98991 02298,rekha.shah@hotmail.com,Canada,CA,Work,true,DEV_13418,Signal,Android,2.24.1,true
0PKKX000000TfjC4AS,5,7,0,1,13,"Cart Abandonment Reminder, Customer Survey, Welcome Email, Weekly Newsletter, Product Launch Announcement, Personalized Recommendations, Seasonal Promotion, Flash Sale Alert",11,6,2,1,"Smart Watch, Water Bottle, Yoga Mat, Running Shoes",Smart Watch,249.99,Sports,1,2025-10-02T11:46:35.889266,synthetic_omnichannel,2,3,2,1,150.0,4,0,2,0,0.0,5,3,1,60.0,11,11,Email,1.27,Ankit,Tandon,Ankit Tandon,+918263194753,+91 82631 94753,ankit.tandon@enterprise.com,Singapore,SG,Work,true,DEV_27516,WhatsApp,iOS,2.23.2,true
0PKKX000000TfjM4AS,5,5,1,1,11,"Cart Abandonment Reminder, Welcome Email, Seasonal Promotion, Customer Survey, Product Launch Announcement, Flash Sale Alert, Weekly Newsletter, Personalized Recommendations",18,4,1,2,"Phone Case, Laptop Stand, Desk Lamp","Laptop Stand, Phone Case",59.98,Home,1,2025-10-22T11:46:35.889474,synthetic_omnichannel,4,1,1,0,25.0,4,0,1,0,0.0,9,2,1,22.2,17,6,Website,1.27,Kunal,Mukherjee,Kunal Mukherjee,+916859685154,+91 68596 85154,kunal.mukherjee@enterprise.com,India,IN,Work,true,DEV_59171,Signal,iOS,2.24.1,true
0PKKX000000Tfj34AC,5,5,1,0,10,"Welcome Email, Cart Abandonment Reminder, Weekly Newsletter, Personalized Recommendations, Product Launch Announcement, Customer Survey, Seasonal Promotion, Flash Sale Alert",9,3,1,2,"Wireless Mouse, Bluetooth Speaker, Fitness Tracker","Wireless Mouse, Fitness Tracker",179.98,Electronics,1,2025-10-09T11:46:35.889083,synthetic_omnichannel,4,2,0,0,50.0,2,1,2,0,50.0,6,4,0,66.7,12,9,Email,1.25,Ankit,Uppal,Ankit Uppal,+917392347290,+91 73923 47290,ankit.uppal@outlook.com,United States,US,Work,true,DEV_38655,WhatsApp,Web,3.0.0,true
0PKKX000000TfjR4AS,14,4,0,0,12,"Personalized Recommendations, Welcome Email, Flash Sale Alert, Seasonal Promotion, Cart Abandonment Reminder, Weekly Newsletter, Customer Survey, Product Launch Announcement",8,6,1,2,"Wireless Headphones, Bluetooth Speaker, Desk Lamp, Wireless Mouse, Coffee Maker, Smart Watch, Travel Mug, Water Bottle","Wireless Headphones, Bluetooth Speaker",179.98,Electronics,1,2025-10-10T11:46:35.889587,synthetic_omnichannel,2,2,0,1,100.0,5,2,0,0,40.0,5,2,1,40.0,12,7,Email,1.17,Tarun,Nair,Tarun Nair,+919912298472,+91 99122 98472,tarun.nair@enterprise.com,India,IN,Work,false,DEV_20907,Signal,Web,2.24.1,true
0PKKX000000TfjS4AS,6,7,0,0,12,"Cart Abandonment Reminder, Personalized Recommendations, Customer Survey, Seasonal Promotion, Flash Sale Alert, Weekly Newsletter, Welcome Email, Product Launch Announcement",8,4,3,2,"Yoga Mat, Backpack, Phone Case, Running Shoes, Wireless Mouse, Notebook Set, Water Bottle, Coffee Maker, Fitness Tracker, Wireless Headphones","Notebook Set, Fitness Tracker",165.98,Sports,1,2025-10-09T11:46:35.889611,synthetic_omnichannel,4,4,0,1,100.0,3,0,1,0,0.0,8,3,0,37.5,15,8,Email,1.17,Prakash,Patil,Prakash Patil,+916452971458,+91 64529 71458,prakash.patil@business.in,United Kingdom,GB,Work,false,DEV_93323,WeChat,iOS,2.23.2,false
0PKKX000000Tfiw4AC,6,2,0,0,5,"Customer Survey, Welcome Email, Weekly Newsletter, Cart Abandonment Reminder, Personalized Recommendations",17,3,1,4,"Desk Lamp, Wireless Mouse, Running Shoes, Water Bottle, Travel Mug, Backpack, Notebook Set","Backpack, Water Bottle, Notebook Set, Wireless Mouse",130.96,Home,1,2025-10-09T11:46:35.888928,synthetic_omnichannel,5,2,0,1,40.0,3,0,0,0,0.0,4,3,2,75.0,12,7,Website,1.15,Jatin,Hegde,Jatin Hegde,+916403234331,+91 64032 34331,jatin.hegde@outlook.com,United States,US,Work,true,DEV_35217,WeChat,iOS,2.24.1,true
0PKKX000000Tfj94AC,6,3,2,1,9,"Cart Abandonment Reminder, Seasonal Promotion, Customer Survey, Personalized Recommendations, Weekly Newsletter, Product Launch Announcement, Welcome Email, Flash Sale Alert",13,6,2,2,"Smart Watch, Bluetooth Speaker, Yoga Mat, Running Shoes, Travel Mug, Fitness Tracker, Water Bottle, Phone Case, Wireless Headphones","Bluetooth Speaker, Fitness Tracker",249.98,Sports,0,2025-10-18T11:46:35.889215,synthetic_omnichannel,2,0,1,1,0.0,4,1,1,0,25.0,5,4,0,80.0,11,7,Website,0.97,Vivek,Krishnan,Vivek Krishnan,+918260162090,+91 82601 62090,vivek.krishnan@gmail.com,India,IN,Home,true,DEV_55454,Signal,iOS,2.23.1,true
0PKKX000000TfjH4AS,6,3,2,0,10,"Seasonal Promotion, Flash Sale Alert, Cart Abandonment Reminder, Weekly Newsletter, Personalized Recommendations, Customer Survey, Product Launch Announcement, Welcome Email",12,2,1,1,"Coffee Maker, Yoga Mat, Running Shoes, Bluetooth Speaker, Notebook Set, Desk Lamp, Fitness Tracker",Notebook Set,15.99,Sports,0,2025-10-15T11:46:35.889384,synthetic_omnichannel,2,0,0,0,0.0,3,3,1,0,100.0,6,4,0,66.7,11,8,Email,0.97,Seema,Varma,Seema Varma,+917430234633,+91 74302 34633,seema.varma@enterprise.com,United States,US,Mobile,true,DEV_56091,Telegram,Web,2.23.1,true
0PKKX000000Tfje4AC,4,1,3,0,15,"Personalized Recommendations, Flash Sale Alert, Product Launch Announcement, Welcome Email, Cart Abandonment Reminder, Weekly Newsletter, Seasonal Promotion, Customer Survey",2,0,1,1,"Desk Lamp, Water Bottle, Backpack, Wireless Headphones, Phone Case, Notebook Set, Wireless Mouse, Bluetooth Speaker, Fitness Tracker",Desk Lamp,44.99,Electronics,0,2025-10-13T11:46:35.889880,synthetic_omnichannel,6,4,2,0,66.7,1,3,2,0,300.0,6,5,0,83.3,13,16,WhatsApp,0.97,Rajesh,Bhatt,Rajesh Bhatt,+916428013639,+91 64280 13639,rajesh.bhatt@yahoo.com,United States,US,Work,true,DEV_16641,WeChat,Web,2.24.0,true
0PKKX000000Tfis4AC,13,2,1,0,13,"Product Launch Announcement, Customer Survey, Flash Sale Alert, Cart Abandonment Reminder, Welcome Email, Personalized Recommendations, Weekly Newsletter, Seasonal Promotion",12,3,3,1,"Backpack, Desk Lamp, Smart Watch, Yoga Mat, Fitness Tracker",Desk Lamp,44.99,Sports,0,2025-10-05T11:46:35.888850,synthetic_omnichannel,5,2,0,1,40.0,2,0,1,0,0.0,10,0,2,0.0,17,5,Email,0.96,Amit,Agnihotri,Amit Agnihotri,+918751433632,+91 87514 33632,amit.agnihotri@gmail.com,United Kingdom,GB,Work,true,DEV_13311,WhatsApp,iOS,3.0.0,true
0PKKX000000TfjI4AS,7,2,1,0,10,"Flash Sale Alert, Seasonal Promotion, Cart Abandonment Reminder, Weekly Newsletter, Product Launch Announcement, Customer Survey, Welcome Email, Personalized Recommendations",8,6,3,1,"Backpack, Notebook Set, Wireless Mouse, Yoga Mat, Travel Mug",Notebook Set,15.99,Accessories,0,2025-10-15T11:46:35.889401,synthetic_omnichannel,4,4,2,1,100.0,1,2,1,1,200.0,6,0,2,0.0,11,11,Email,0.93,Rekha,Ahmed,Rekha Ahmed,+919599448166,+91 95994 48166,rekha.ahmed@enterprise.com,United Kingdom,GB,Work,true,DEV_84552,Signal,Web,2.23.1,true
0PKKX000000Tfjg4AC,4,1,0,0,14,"Seasonal Promotion, Flash Sale Alert, Welcome Email, Cart Abandonment Reminder, Product Launch Announcement, Weekly Newsletter, Customer Survey, Personalized Recommendations",3,2,1,1,"Travel Mug, Water Bottle, Desk Lamp, Running Shoes, Fitness Tracker, Smart Watch, Laptop Stand, Bluetooth Speaker, Backpack",Water Bottle,24.99,Sports,0,2025-10-29T11:46:35.889919,synthetic_omnichannel,6,0,2,0,0.0,1,3,1,0,300.0,8,5,3,62.5,15,14,Push,0.9,Vishal,Bhatt,Vishal Bhatt,+917890548896,+91 78905 48896,vishal.bhatt@outlook.com,Canada,CA,Mobile,true,DEV_80704,WhatsApp,Android,2.23.2,true
0PKKX000000TfjT4AS,2,2,0,0,12,"Personalized Recommendations, Product Launch Announcement, Weekly Newsletter, Seasonal Promotion, Welcome Email, Customer Survey, Cart Abandonment Reminder, Flash Sale Alert",2,3,1,1,"Fitness Tracker, Yoga Mat, Laptop Stand",Laptop Stand,39.99,Sports,0,2025-10-02T11:46:35.889628,synthetic_omnichannel,2,2,2,0,100.0,0,3,2,1,0,10,0,1,0.0,12,10,WhatsApp,0.86,Bhavna,Thakur,Bhavna Thakur,+917263632952,+91 72636 32952,bhavna.thakur@gmail.com,Canada,CA,Mobile,true,DEV_60842,WhatsApp,Web,3.0.0,false
0PKKX000000Tfjq4AC,3,2,2,0,6,"Flash Sale Alert, Customer Survey, Personalized Recommendations, Seasonal Promotion, Welcome Email, Cart Abandonment Reminder",5,1,1,1,"Notebook Set, Wireless Headphones, Travel Mug, Smart Watch, Bluetooth Speaker, Fitness Tracker, Wireless Mouse, Laptop Stand, Phone Case, Backpack",Laptop Stand,39.99,Electronics,0,2025-10-16T11:46:35.890118,synthetic_omnichannel,5,1,0,0,20.0,5,2,2,0,40.0,8,0,2,0.0,18,7,WhatsApp,0.81,Naveen,Chawla,Naveen Chawla,+917654547571,+91 76545 47571,naveen.chawla@gmail.com,United States,US,Work,true,DEV_69518,WeChat,iOS,2.24.0,false
0PKKX000000TfjV4AS,2,1,2,0,6,"Weekly Newsletter, Personalized Recommendations, Product Launch Announcement, Welcome Email, Cart Abandonment Reminder, Seasonal Promotion",6,1,1,1,"Desk Lamp, Backpack, Yoga Mat, Coffee Maker",Coffee Maker,89.99,Home,0,2025-10-08T11:46:35.889688,synthetic_omnichannel,5,4,1,0,80.0,0,1,1,0,0,6,4,2,66.7,11,13,Website,0.8,Tanvi,Agnihotri,Tanvi Agnihotri,+917070567022,+91 70705 67022,tanvi.agnihotri@gmail.com,United Kingdom,GB,Home,true,DEV_35474,Signal,Android,3.0.0,false
0PKKX000000Tfjl4AC,3,1,2,0,14,"Cart Abandonment Reminder, Customer Survey, Personalized Recommendations, Welcome Email, Flash Sale Alert, Weekly Newsletter, Seasonal Promotion, Product Launch Announcement",1,2,1,0,"Laptop Stand, Desk Lamp, Notebook Set, Backpack, Wireless Mouse, Bluetooth Speaker",,0,Electronics,0,2025-10-02T11:46:35.890021,synthetic_omnichannel,4,3,2,0,75.0,4,1,2,0,25.0,6,5,2,83.3,14,15,WhatsApp,0.78,Siddharth,Yadav,Siddharth Yadav,+917457018765,+91 74570 18765,siddharth.yadav@yahoo.com,United Kingdom,GB,Mobile,true,DEV_73640,WhatsApp,iOS,3.0.0,false
0PKKX000000Tfjm4AC,3,2,3,0,15,"Product Launch Announcement, Flash Sale Alert, Cart Abandonment Reminder, Seasonal Promotion, Customer Survey, Personalized Recommendations, Welcome Email, Weekly Newsletter",6,3,2,1,"Running Shoes, Wireless Mouse, Smart Watch",Wireless Mouse,29.99,Electronics,0,2025-10-05T11:46:35.890038,synthetic_omnichannel,3,1,2,1,33.3,0,0,2,0,0,9,6,0,66.7,12,11,Email,0.77,Sonal,Saxena,Sonal Saxena,+916008958673,+91 60089 58673,sonal.saxena@yahoo.com,United Kingdom,GB,Work,false,DEV_68414,Signal,Android,2.24.1,true
0PKKX000000Tfjp4AC,0,2,3,0,15,"Welcome Email, Customer Survey, Personalized Recommendations, Cart Abandonment Reminder, Product Launch Announcement, Flash Sale Alert, Weekly Newsletter, Seasonal Promotion",5,1,0,1,"Wireless Headphones, Desk Lamp, Water Bottle, Wireless Mouse, Notebook Set, Running Shoes, Yoga Mat, Backpack, Travel Mug",Backpack,59.99,Sports,0,2025-09-30T11:46:35.890098,synthetic_omnichannel,5,0,2,1,0.0,5,3,2,0,60.0,4,3,2,75.0,14,12,WhatsApp,0.75,Vivek,Pandey,Vivek Pandey,+917329324756,+91 73293 24756,vivek.pandey@hotmail.com,United States,US,Home,true,DEV_64730,WhatsApp,iOS,2.23.2,true
0PKKX000000Tfjb4AC,1,2,0,0,11,"Welcome Email, Weekly Newsletter, Seasonal Promotion, Cart Abandonment Reminder, Customer Survey, Personalized Recommendations, Flash Sale Alert, Product Launch Announcement",7,2,1,0,"Desk Lamp, Wireless Headphones, Smart Watch, Water Bottle, Fitness Tracker, Yoga Mat, Notebook Set, Wireless Mouse, Bluetooth Speaker",,0,Electronics,0,2025-10-25T11:46:35.889814,synthetic_omnichannel,5,3,0,0,60.0,1,3,2,0,300.0,2,3,1,150.0,8,12,WhatsApp,0.74,Prakash,Goswami,Prakash Goswami,+919421399726,+91 94213 99726,prakash.goswami@gmail.com,India,IN,Work,false,DEV_64765,Telegram,Android,3.0.0,true
0PKKX000000TfjW4AS,4,1,1,1,6,"Weekly Newsletter, Welcome Email, Personalized Recommendations, Flash Sale Alert, Seasonal Promotion, Cart Abandonment Reminder",3,1,2,0,"Notebook Set, Fitness Tracker, Backpack, Bluetooth Speaker, Laptop Stand, Smart Watch, Running Shoes",,0,Sports,0,2025-10-30T11:46:35.889708,synthetic_omnichannel,3,2,1,0,66.7,1,2,2,0,200.0,3,3,1,100.0,7,11,WhatsApp,0.71,Nisha,Hegde,Nisha Hegde,+916600498072,+91 66004 98072,nisha.hegde@business.in,Canada,CA,Work,true,DEV_44505,Signal,Web,2.23.2,false
0PKKX000000Tfji4AC,1,2,2,1,6,"Flash Sale Alert, Personalized Recommendations, Seasonal Promotion, Welcome Email, Customer Survey, Cart Abandonment Reminder",0,0,1,1,"Water Bottle, Backpack, Fitness Tracker, Travel Mug, Running Shoes, Wireless Mouse",Running Shoes,129.99,Sports,0,2025-10-18T11:46:35.889956,synthetic_omnichannel,1,2,2,0,200.0,3,0,2,1,0.0,10,2,0,20.0,14,8,WhatsApp,0.7,Tarun,Agarwal,Tarun Agarwal,+917063812504,+91 70638 12504,tarun.agarwal@hotmail.com,Singapore,SG,Mobile,false,DEV_11651,WeChat,Android,2.23.1,true
0PKKX000000Tfjo4AC,1,2,3,0,5,"Customer Survey, Welcome Email, Personalized Recommendations, Seasonal Promotion, Flash Sale Alert",7,0,2,1,"Smart Watch, Desk Lamp, Water Bottle, Backpack, Coffee Maker, Wireless Headphones, Phone Case, Travel Mug, Wireless Mouse, Running Shoes",Smart Watch,249.99,Electronics,0,2025-10-05T11:46:35.890078,synthetic_omnichannel,4,0,0,0,0.0,4,0,2,0,0.0,2,3,1,150.0,10,6,Website,0.69,Priya,Menon,Priya Menon,+918630431497,+91 86304 31497,priya.menon@company.com,India,IN,Mobile,true,DEV_86243,Signal,iOS,2.24.1,true
0PKKX000000Tfju4AC,1,0,2,1,9,"Product Launch Announcement, Flash Sale Alert, Seasonal Promotion, Customer Survey, Weekly Newsletter, Personalized Recommendations, Cart Abandonment Reminder, Welcome Email",0,1,0,1,"Smart Watch, Yoga Mat, Travel Mug, Backpack, Desk Lamp, Wireless Headphones, Fitness Tracker, Running Shoes, Laptop Stand",Running Shoes,129.99,Sports,0,2025-10-24T11:46:35.890230,synthetic_omnichannel,4,4,2,0,100.0,0,2,2,0,0,5,0,0,0.0,9,10,WhatsApp,0.65,Naveen,Dewan,Naveen Dewan,+916505212188,+91 65052 12188,naveen.dewan@company.com,United States,US,Work,true,DEV_20954,Signal,Web,2.24.0,false
0PKKX000000Tfja4AC,1,2,0,0,6,"Weekly Newsletter, Cart Abandonment Reminder, Flash Sale Alert, Welcome Email, Product Launch Announcement, Personalized Recommendations",3,0,0,0,"Desk Lamp, Water Bottle, Notebook Set, Backpack, Yoga Mat, Smart Watch, Running Shoes",,0,Sports,0,2025-10-05T11:46:35.889778,synthetic_omnichannel,2,4,2,0,200.0,3,3,0,0,100.0,10,0,3,0.0,15,12,SMS,0.64,Ajay,Wadhwa,Ajay Wadhwa,+917416236993,+91 74162 36993,ajay.wadhwa@business.in,United Kingdom,GB,Mobile,true,DEV_40985,Signal,Android,2.24.1,true
0PKKX000000TfiR4AS,2,0,1,1,6,"Weekly Newsletter, Flash Sale Alert, Cart Abandonment Reminder, Welcome Email, Seasonal Promotion, Customer Survey",7,0,1,1,"Wireless Headphones, Water Bottle, Smart Watch, Desk Lamp, Coffee Maker, Yoga Mat, Travel Mug",Coffee Maker,89.99,Home,0,2025-10-29T11:46:35.889796,synthetic_omnichannel,2,4,0,1,200.0,5,3,1,0,60.0,10,4,2,40.0,17,14,Website,0.63,Aarti,Tripathi,Aarti Tripathi,+916528499870,+91 65284 99870,aarti.tripathi@business.in,Australia,AU,Home,false,DEV_68617,Signal,iOS,2.24.0,true
0PKKX000000Tfjh4AC,4,2,0,1,8,"Welcome Email, Seasonal Promotion, Cart Abandonment Reminder, Customer Survey, Weekly Newsletter, Product Launch Announcement, Flash Sale Alert, Personalized Recommendations",7,2,0,0,"Phone Case, Notebook Set, Travel Mug, Laptop Stand, Backpack, Wireless Headphones, Bluetooth Speaker, Desk Lamp, Running Shoes, Yoga Mat",,0,Accessories,0,2025-10-16T11:46:35.889937,synthetic_omnichannel,2,0,2,0,0.0,3,2,0,0,66.7,7,1,1,14.3,12,6,Email,0.59,Manish,Reddy,Manish Reddy,+918827007665,+91 88270 07665,manish.reddy@yahoo.com,Singapore,SG,Home,false,DEV_36690,WeChat,iOS,3.0.0,true
0PKKX000000Tfjr4AC,1,1,2,0,8,"Weekly Newsletter, Product Launch Announcement, Welcome Email, Seasonal Promotion, Personalized Recommendations, Customer Survey, Cart Abandonment Reminder, Flash Sale Alert",6,1,0,0,"Water Bottle, Travel Mug, Laptop Stand, Fitness Tracker, Running Shoes, Coffee Maker, Bluetooth Speaker, Wireless Headphones, Phone Case",,0,Sports,0,2025-10-01T11:46:35.890137,synthetic_omnichannel,6,4,2,0,66.7,2,0,2,0,0.0,9,0,0,0.0,17,8,SMS,0.59,Tanvi,Choudhary,Tanvi Choudhary,+919161311269,+91 91613 11269,tanvi.choudhary@tech.in,Singapore,SG,Work,false,DEV_92450,WhatsApp,Web,2.23.1,true
0PKKX000000Tfjt4AC,3,0,0,0,11,"Seasonal Promotion, Flash Sale Alert, Customer Survey, Welcome Email, Cart Abandonment Reminder, Product Launch Announcement, Weekly Newsletter, Personalized Recommendations",2,1,0,0,"Notebook Set, Backpack, Water Bottle, Fitness Tracker, Laptop Stand",,0,Sports,0,2025-10-18T11:46:35.890206,synthetic_omnichannel,1,1,2,0,100.0,2,1,1,0,50.0,10,6,1,60.0,13,12,Push,0.55,Swati,Varma,Swati Varma,+916147621993,+91 61476 21993,swati.varma@outlook.com,India,IN,Work,false,DEV_25453,Telegram,Web,2.24.1,true
0PKKX000000TfiS4AS,4,1,2,0,10,"Weekly Newsletter, Seasonal Promotion, Flash Sale Alert, Welcome Email, Customer Survey, Cart Abandonment Reminder, Product Launch Announcement, Personalized Recommendations",2,0,0,0,"Wireless Headphones, Wireless Mouse, Laptop Stand",,0,Electronics,0,2025-10-22T11:46:35.890005,synthetic_omnichannel,6,4,2,0,66.7,2,0,0,1,0.0,7,3,1,42.9,15,10,SMS,0.54,Rohan,Ahluwalia,Rohan Ahluwalia,+917185854118,+91 71858 54118,rohan.ahluwalia@gmail.com,United States,US,Work,true,DEV_92088,Signal,Android,3.0.0,true
0PKKX000000Tfjj4AC,2,1,3,0,12,"Weekly Newsletter, Cart Abandonment Reminder, Seasonal Promotion, Welcome Email, Flash Sale Alert, Product Launch Announcement, Customer Survey, Personalized Recommendations",5,2,0,0,"Phone Case, Laptop Stand, Travel Mug",,0,Home,0,2025-10-01T11:46:35.889971,synthetic_omnichannel,6,1,0,0,16.7,1,3,0,1,300.0,4,5,2,125.0,11,11,Push,0.51,Kriti,Mukherjee,Kriti Mukherjee,+919522801624,+91 95228 01624,kriti.mukherjee@tech.in,India,IN,Work,false,DEV_53842,Telegram,iOS,2.23.2,false
0PKKX000000Tfjs4AC,2,1,3,0,12,"Welcome Email, Product Launch Announcement, Flash Sale Alert, Seasonal Promotion, Personalized Recommendations, Customer Survey, Cart Abandonment Reminder, Weekly Newsletter",4,0,0,0,"Running Shoes, Smart Watch, Wireless Headphones, Laptop Stand, Water Bottle, Wireless Mouse, Travel Mug, Coffee Maker, Notebook Set",,0,Electronics,0,2025-10-02T11:46:35.890162,synthetic_omnichannel,3,0,0,0,0.0,4,3,1,0,75.0,7,3,1,42.9,14,8,WhatsApp,0.49,Ankit,Ansari,Ankit Ansari,+919981448915,+91 99814 48915,ankit.ansari@gmail.com,Singapore,SG,Work,false,DEV_81927,Telegram,iOS,2.24.1,false
0PKKX000000Tfjn4AC,3,0,1,1,12,"Flash Sale Alert, Welcome Email, Customer Survey, Seasonal Promotion, Cart Abandonment Reminder, Weekly Newsletter, Personalized Recommendations, Product Launch Announcement",6,1,1,1,"Fitness Tracker, Water Bottle, Wireless Headphones, Backpack, Notebook Set, Yoga Mat",Notebook Set,15.99,Sports,0,2025-10-03T11:46:35.890057,synthetic_omnichannel,5,3,0,1,60.0,3,1,1,0,33.3,8,2,1,25.0,16,8,Website,0.47,Seema,Verma,Seema Verma,+919874931603,+91 98749 31603,seema.verma@company.com,Australia,AU,Work,false,DEV_44165,Signal,Android,3.0.0,true
0PKKX000000Tfjk4AC,2,0,0,1,9,"Weekly Newsletter, Product Launch Announcement, Personalized Recommendations, Customer Survey, Cart Abandonment Reminder, Welcome Email, Seasonal Promotion, Flash Sale Alert",1,1,0,1,"Bluetooth Speaker, Coffee Maker, Wireless Headphones, Yoga Mat, Water Bottle, Fitness Tracker",Bluetooth Speaker,99.99,Sports,0,2025-10-11T11:46:35.889989,synthetic_omnichannel,5,4,0,1,80.0,4,3,0,0,75.0,6,4,2,66.7,15,13,Push,0.45,Sanjay,Chatterjee,Sanjay Chatterjee,+916277826602,+91 62778 26602,sanjay.chatterjee@tech.in,Australia,AU,Work,true,DEV_23406,Signal,Android,3.0.0,true
0PKKX000000TfjZ4AS,3,1,2,0,14,"Personalized Recommendations, Weekly Newsletter, Product Launch Announcement, Seasonal Promotion, Welcome Email, Cart Abandonment Reminder, Flash Sale Alert, Customer Survey",1,0,1,1,"Wireless Headphones, Yoga Mat, Backpack, Bluetooth Speaker, Desk Lamp, Phone Case, Notebook Set, Laptop Stand, Running Shoes",Wireless Headphones,79.99,Accessories,0,2025-10-20T11:46:35.889760,synthetic_omnichannel,2,1,0,0,50.0,5,1,0,0,20.0,9,1,1,11.1,16,4,Email,0.43,Nisha,Ahmed,Nisha Ahmed,+919909553350,+91 99095 53350,nisha.ahmed@business.in,Canada,CA,Work,true,DEV_76718,Signal,Android,2.24.0,true
0PKKX000000Tfjc4AC,2,1,2,1,12,"Product Launch Announcement, Personalized Recommendations, Welcome Email, Customer Survey, Flash Sale Alert, Weekly Newsletter, Seasonal Promotion, Cart Abandonment Reminder",1,0,1,1,"Wireless Headphones, Smart Watch, Wireless Mouse, Laptop Stand, Travel Mug, Fitness Tracker, Phone Case, Desk Lamp, Backpack, Yoga Mat",Laptop Stand,39.99,Electronics,0,2025-10-15T11:46:35.889834,synthetic_omnichannel,4,1,0,0,25.0,2,0,0,0,0.0,8,0,3,0.0,14,4,Website,0.43,Kapil,Gupta,Kapil Gupta,+916452933598,+91 64529 33598,kapil.gupta@yahoo.com,Australia,AU,Mobile,true,DEV_85439,Telegram,Android,2.24.0,true
0PKKX000000Tfjd4AC,2,0,3,0,8,"Weekly Newsletter, Welcome Email, Product Launch Announcement, Personalized Recommendations, Flash Sale Alert, Customer Survey, Cart Abandonment Reminder, Seasonal Promotion",0,3,1,1,"Wireless Mouse, Water Bottle, Backpack, Desk Lamp, Coffee Maker, Smart Watch, Phone Case, Laptop Stand",Phone Case,19.99,Accessories,0,2025-10-16T11:46:35.889861,synthetic_omnichannel,1,4,0,0,400.0,0,0,0,0,0,4,2,2,50.0,5,8,Website,0.43,Shreya,Raman,Shreya Raman,+917239596451,+91 72395 96451,shreya.raman@company.com,United States,US,Work,true,DEV_92434,WhatsApp,Android,2.23.1,true
0PKKX000000Tfjf4AC,1,1,1,0,14,"Personalized Recommendations, Product Launch Announcement, Seasonal Promotion, Customer Survey, Cart Abandonment Reminder, Weekly Newsletter, Flash Sale Alert, Welcome Email",0,0,1,0,"Coffee Maker, Wireless Mouse, Smart Watch, Bluetooth Speaker, Travel Mug, Desk Lamp, Notebook Set, Phone Case",,0,Electronics,0,2025-10-10T11:46:35.889898,synthetic_omnichannel,6,2,1,1,33.3,4,2,1,0,50.0,4,4,1,100.0,14,11,WhatsApp,0.36,Nidhi,Kamath,Nidhi Kamath,+918881526897,+91 88815 26897,nidhi.kamath@yahoo.com,United States,US,Work,true,DEV_99355,WhatsApp,iOS,2.24.1,true
0PKKX000000TfjU4AS,1,0,0,0,10,"Flash Sale Alert, Customer Survey, Seasonal Promotion, Weekly Newsletter, Product Launch Announcement, Cart Abandonment Reminder, Personalized Recommendations, Welcome Email",1,1,0,1,"Running Shoes, Water Bottle, Bluetooth Speaker, Travel Mug, Wireless Mouse, Smart Watch, Fitness Tracker, Coffee Maker, Phone Case",Travel Mug,22.99,Sports,0,2025-10-13T11:46:35.889648,synthetic_omnichannel,3,3,1,1,100.0,1,1,1,0,100.0,5,2,0,40.0,9,8,Website,0.35,Nidhi,Naidu,Nidhi Naidu,+917950982078,+91 79509 82078,nidhi.naidu@enterprise.com,Singapore,SG,Mobile,true,DEV_85435,Telegram,Android,2.24.1,true
0PKKX000000TfjY4AS,1,0,1,0,13,"Product Launch Announcement, Cart Abandonment Reminder, Personalized Recommendations, Seasonal Promotion, Weekly Newsletter, Flash Sale Alert, Customer Survey, Welcome Email",1,3,2,0,"Notebook Set, Water Bottle, Coffee Maker",,0,Sports,0,2025-10-16T11:46:35.889740,synthetic_omnichannel,4,2,0,0,50.0,4,2,0,0,50.0,9,5,2,55.6,17,11,Push,0.35,Vikram,Malhotra,Vikram Malhotra,+916973206693,+91 69732 06693,vikram.malhotra@company.com,United States,US,Work,true,DEV_22153,WeChat,Web,2.24.0,true
0PKKX000000TfjX4AS,0,1,0,0,6,"Seasonal Promotion, Product Launch Announcement, Welcome Email, Flash Sale Alert, Cart Abandonment Reminder, Customer Survey",0,1,1,0,"Water Bottle, Fitness Tracker, Coffee Maker, Phone Case",,0,Sports,0,2025-10-17T11:46:35.889724,synthetic_omnichannel,4,1,1,1,25.0,3,1,0,0,33.3,3,0,1,0.0,10,4,Email,0.09,Nikhil,Qureshi,Nikhil Qureshi,+916649332401,+91 66493 32401,nikhil.qureshi@tech.in,Australia,AU,Home,true,DEV_61817,Telegram,Web,2.23.1,true
